<!--

 Licensed to the OpenAirInterface (OAI) Software Alliance under one or more
 contributor license agreements.  See the NOTICE file distributed with
 this work for additional information regarding copyright ownership.
 The OpenAirInterface Software Alliance licenses this file to You under
 the OAI Public License, Version 1.1  (the "License"); you may not use this file
 except in compliance with the License.
 You may obtain a copy of the License at

      http://www.openairinterface.org/?page_id=698

 Unless required by applicable law or agreed to in writing, software
 distributed under the License is distributed on an "AS IS" BASIS,
 WITHOUT WARRANTIES OR CONDITIONS OF ANY KIND, either express or implied.
 See the License for the specific language governing permissions and
 limitations under the License.

 For more information about the OpenAirInterface (OAI) Software Alliance:
      contact@openairinterface.org

Replaces xml_files/enb_usrp210_band7_test_10mhz_tm1.xml

-->
<testCaseList>
    <htmlTabRef>test-fdd-20-tm1</htmlTabRef>
    <htmlTabName>Test-FDD-20MHz-TM1</htmlTabName>
    <htmlTabIcon>tasks</htmlTabIcon>
    <TestCaseRequestedList>
100000
111110
040101
030121
000001
040301 040521 040623 040624 040625 040662 040401 040201
030201
200000
    </TestCaseRequestedList>
    <TestCaseExclusionList></TestCaseExclusionList>

    <testCase id="111110">
        <class>Pull_Local_Registry</class>
        <desc>Pull Images from Local Registry</desc>
        <test_svr_id>0</test_svr_id>
        <images_to_pull>oai-enb</images_to_pull>
    </testCase>
    <testCase id="100000">
            <class>Custom_Command</class>
            <desc>Disable Sleep States</desc>
            <node>hutch</node>
            <command>sudo cpupower idle-set -D 0</command>
    </testCase>
    <testCase id="200000">
            <class>Custom_Command</class>
            <desc>Enable Sleep States</desc>
            <node>hutch</node>
            <command>sudo cpupower idle-set -E</command>
    </testCase>

    <testCase id="030121">
        <class>Deploy_Object</class>
        <desc>Deploy eNB (FDD/Band7/20MHz/B200) in a container</desc>
        <yaml_path>ci-scripts/yaml_files/lte_b200_fdd_20Mhz_tm1</yaml_path>
        <eNB_instance>0</eNB_instance>
        <eNB_serverId>0</eNB_serverId>
    </testCase>

    <testCase id="000001">
        <class>IdleSleep</class>
        <desc>Sleep</desc>
        <idle_sleep_time_in_sec>5</idle_sleep_time_in_sec>
    </testCase>

    <testCase id="030201">
        <class>Undeploy_Object</class>
        <desc>Undeploy eNB</desc>
        <yaml_path>ci-scripts/yaml_files/lte_b200_fdd_20Mhz_tm1</yaml_path>
        <eNB_instance>0</eNB_instance>
        <eNB_serverId>0</eNB_serverId>
    </testCase>

    <testCase id="040101">
        <class>Initialize_UE</class>
        <desc>Initialize UE</desc>
        <id>adb_ue_1 adb_ue_2</id>
    </testCase>
    <testCase id="040201">
        <class>Terminate_UE</class>
        <desc>Terminate UE</desc>
        <id>adb_ue_1 adb_ue_2</id>
    </testCase>
    <testCase id="040301">
        <class>Attach_UE</class>
        <desc>Attach UE</desc>
        <id>adb_ue_1 adb_ue_2</id>
    </testCase>
    <testCase id="040401">
        <class>Detach_UE</class>
        <desc>Detach UE</desc>
        <id>adb_ue_1 adb_ue_2</id>
    </testCase>

    <testCase id="040521">
        <class>Ping</class>
        <desc>ping (20MHz - 20 sec)</desc>
        <ping_args>-c 20</ping_args>
        <ping_packetloss_threshold>5</ping_packetloss_threshold>
        <id>adb_ue_1 adb_ue_2</id>
    </testCase>

    <testCase id="040623">
        <class>Iperf</class>
        <desc>iperf (20MHz - DL/70Mbps/UDP)(30 sec)(balanced profile)</desc>
        <iperf_args>-u -b 70M -t 30 -i 1</iperf_args>
        <iperf_packetloss_threshold>50</iperf_packetloss_threshold>
        <iperf_profile>balanced</iperf_profile>
        <direction>DL</direction>
        <id>adb_ue_1 adb_ue_2</id>
    </testCase>

    <testCase id="040624">
        <class>Iperf</class>
        <desc>iperf (20MHz - DL/70Mbps/UDP)(30 sec)(single-ue profile)</desc>
        <iperf_args>-u -b 70M -t 30 -i 1</iperf_args>
        <iperf_packetloss_threshold>50</iperf_packetloss_threshold>
        <iperf_profile>single-ue</iperf_profile>
        <direction>DL</direction>
        <id>adb_ue_1</id>
    </testCase>

    <testCase id="040625">
        <class>Iperf</class>
        <desc>iperf (20MHz - DL/70Mbps/UDP)(30 sec)(unbalanced profile)</desc>
        <iperf_args>-u -b 70M -t 30 -i 1</iperf_args>
        <iperf_packetloss_threshold>50</iperf_packetloss_threshold>
        <iperf_profile>unbalanced</iperf_profile>
        <direction>DL</direction>
        <id>adb_ue_1 adb_ue_2</id>
    </testCase>

    <testCase id="040626">
        <class>Iperf</class>
        <desc>iperf (20MHz - DL/TCP)(30 sec)(single-ue profile)</desc>
        <iperf_args>-t 30 -i 1 -fm</iperf_args>
        <iperf_packetloss_threshold>50</iperf_packetloss_threshold>
        <iperf_profile>single-ue</iperf_profile>
        <direction>DL</direction>
        <id>adb_ue_1</id>
    </testCase>

    <testCase id="040627">
        <class>Iperf</class>
        <desc>iperf (20MHz - DL/TCP)(30 sec)(balanced profile)</desc>
        <iperf_args>-t 30 -i 1 -fm</iperf_args>
        <iperf_packetloss_threshold>50</iperf_packetloss_threshold>
        <iperf_profile>balanced</iperf_profile>
        <direction>DL</direction>
        <id>adb_ue_1 adb_ue_2</id>
    </testCase>

    <testCase id="040661">
        <class>Iperf</class>
        <desc>iperf (20MHz - UL/12Mbps/UDP)(30 sec)(balanced profile)</desc>
        <iperf_args>-u -b 12M -t 30 -i 1</iperf_args>
        <iperf_packetloss_threshold>50</iperf_packetloss_threshold>
        <iperf_profile>balanced</iperf_profile>
        <direction>UL</direction>
        <id>adb_ue_1 adb_ue_2</id>
    </testCase>

    <testCase id="040662">
        <class>Iperf</class>
        <desc>iperf (20MHz - UL/17Mbps/UDP)(30 sec)(single-ue profile)</desc>
        <iperf_args>-u -b 17M -t 30 -i 1</iperf_args>
        <iperf_packetloss_threshold>50</iperf_packetloss_threshold>
        <iperf_profile>single-ue</iperf_profile>
        <direction>UL</direction>
        <id>adb_ue_1</id>
    </testCase>

    <testCase id="040663">
        <class>Iperf</class>
        <desc>iperf (20MHz - UL/TCP)(30 sec)(single-ue profile)</desc>
        <iperf_args>-t 30 -i 1 -fm</iperf_args>
        <iperf_packetloss_threshold>50</iperf_packetloss_threshold>
        <iperf_profile>single-ue</iperf_profile>
        <direction>UL</direction>
        <id>adb_ue_1</id>
    </testCase>

    <testCase id="040664">
        <class>Iperf</class>
        <desc>iperf (20MHz - UL/TCP)(30 sec)(balanced profile)</desc>
        <iperf_args>-t 30 -i 1 -fm</iperf_args>
        <iperf_packetloss_threshold>50</iperf_packetloss_threshold>
        <iperf_profile>balanced</iperf_profile>
        <direction>UL</direction>
        <id>adb_ue_1 adb_ue_2</id>
    </testCase>

</testCaseList>

