<!--

 Licensed to the OpenAirInterface (OAI) Software Alliance under one or more
 contributor license agreements.  See the NOTICE file distributed with
 this work for additional information regarding copyright ownership.
 The OpenAirInterface Software Alliance licenses this file to You under
 the OAI Public License, Version 1.1  (the "License"); you may not use this file
 except in compliance with the License.
 You may obtain a copy of the License at

      http://www.openairinterface.org/?page_id=698

 Unless required by applicable law or agreed to in writing, software
 distributed under the License is distributed on an "AS IS" BASIS,
 WITHOUT WARRANTIES OR CONDITIONS OF ANY KIND, either express or implied.
 See the License for the specific language governing permissions and
 limitations under the License.

 For more information about the OpenAirInterface (OAI) Software Alliance:
      contact@openairinterface.org

Replaces xml_files/enb_usrp210_band7_test_05mhz_tm1.xml

-->
<testCaseList>
    <htmlTabRef>test-fdd-05-tm1</htmlTabRef>
    <htmlTabName>Test-FDD-05MHz-TM1</htmlTabName>
    <htmlTabIcon>tasks</htmlTabIcon>
    <TestCaseRequestedList>
100000
111110
300000
040101 
030101
040301 040501 040603 040604 040605 040606 040607 040641 040642 040643 040644 040401 040201
030201
200000
    </TestCaseRequestedList>
    <TestCaseExclusionList></TestCaseExclusionList>

    <testCase id="111110">
        <class>Pull_Local_Registry</class>
        <desc>Pull Images from Local Registry</desc>
        <test_svr_id>0</test_svr_id>
        <images_to_pull>oai-enb</images_to_pull>
    </testCase>

    <testCase id="100000">
        <class>Custom_Command</class>
        <desc>Disable Sleep States</desc>
        <node>hutch</node>
        <command>sudo cpupower idle-set -D 0</command>
    </testCase>
    <testCase id="200000">
        <class>Custom_Command</class>
        <desc>Enable Sleep States</desc>
        <node>hutch</node>
        <command>sudo cpupower idle-set -E</command>
    </testCase>
    <testCase id="300000">
        <class>Custom_Command</class>
        <desc>Reset USRP</desc>
        <node>hutch</node>
        <command>sudo -S b2xx_fx3_utils --reset-device</command>
    </testCase>

    <testCase id="030101">
        <class>Deploy_Object</class>
        <desc>Deploy eNB (FDD/Band7/5MHz/B200) in a container</desc>
        <yaml_path>ci-scripts/yaml_files/lte_b200_fdd_05Mhz_tm1</yaml_path>
        <eNB_instance>0</eNB_instance>
        <eNB_serverId>0</eNB_serverId>
    </testCase>

    <testCase id="000001">
        <class>IdleSleep</class>
        <desc>Sleep</desc>
        <idle_sleep_time_in_sec>5</idle_sleep_time_in_sec>
    </testCase>

    <testCase id="030201">
        <class>Undeploy_Object</class>
        <desc>Undeploy eNB</desc>
        <yaml_path>ci-scripts/yaml_files/lte_b200_fdd_05Mhz_tm1</yaml_path>
        <eNB_instance>0</eNB_instance>
        <eNB_serverId>0</eNB_serverId>
    </testCase>

    <testCase id="040101">
        <class>Initialize_UE</class>
        <desc>Initialize UE</desc>
        <id>adb_ue_1 adb_ue_2</id>
    </testCase>
    <testCase id="040201">
        <class>Terminate_UE</class>
        <desc>Terminate UE</desc>
        <id>adb_ue_1 adb_ue_2</id>
    </testCase>
    <testCase id="040301">
        <class>Attach_UE</class>
        <desc>Attach UEs</desc>
        <id>adb_ue_1 adb_ue_2</id>
    </testCase>
    <testCase id="040401">
        <class>Detach_UE</class>
        <desc>Detach UEs</desc>
        <id>adb_ue_1 adb_ue_2</id>
    </testCase>

    <testCase id="040501">
        <class>Ping</class>
        <desc>ping (5MHz - 20 sec)</desc>
        <ping_args>-c 20</ping_args>
        <ping_packetloss_threshold>5</ping_packetloss_threshold>
        <id>adb_ue_1 adb_ue_2</id>
    </testCase>

    <testCase id="040603">
        <class>Iperf</class>
        <desc>iperf (5MHz - DL/15Mbps/UDP)(30 sec)(balanced profile)</desc>
        <iperf_args>-u -b 15M -t 30 -i 1</iperf_args>
        <iperf_packetloss_threshold>50</iperf_packetloss_threshold>
        <direction>DL</direction>
        <id>adb_ue_1 adb_ue_2</id>
    </testCase>

    <testCase id="040604">
        <class>Iperf</class>
        <desc>iperf (5MHz - DL/15Mbps/UDP)(30 sec)(single-ue profile)</desc>
        <iperf_args>-u -b 15M -t 30 -i 1</iperf_args>
        <iperf_packetloss_threshold>50</iperf_packetloss_threshold>
        <direction>DL</direction>
        <id>adb_ue_1</id>
    </testCase>

    <testCase id="040605">
        <class>Iperf</class>
        <desc>iperf (5MHz - DL/15Mbps/UDP)(30 sec)(unbalanced profile)</desc>
        <iperf_args>-u -b 15M -t 30 -i 1</iperf_args>
        <iperf_packetloss_threshold>50</iperf_packetloss_threshold>
        <iperf_profile>unbalanced</iperf_profile>
        <direction>DL</direction>
        <id>adb_ue_1 adb_ue_2</id>
    </testCase>

    <testCase id="040606">
        <class>Iperf</class>
        <desc>iperf (5MHz - DL/TCP)(30 sec)(single-ue profile)</desc>
        <iperf_args>-t 30 -i 1 -fm</iperf_args>
        <iperf_packetloss_threshold>50</iperf_packetloss_threshold>
        <iperf_profile>single-ue</iperf_profile>
        <direction>DL</direction>
        <id>adb_ue_2</id>
    </testCase>

    <testCase id="040607">
        <class>Iperf</class>
        <desc>iperf (5MHz - DL/TCP)(30 sec)(balanced profile)</desc>
        <iperf_args>-t 30 -i 1 -fm</iperf_args>
        <iperf_packetloss_threshold>50</iperf_packetloss_threshold>
        <iperf_profile>balanced</iperf_profile>
        <direction>DL</direction>
        <id>adb_ue_1 adb_ue_2</id>
    </testCase>

    <testCase id="040641">
        <class>Iperf</class>
        <desc>iperf (5MHz - UL/9Mbps/UDP)(30 sec)(balanced profile)</desc>
        <iperf_args>-u -b 9M -t 30 -i 1</iperf_args>
        <iperf_packetloss_threshold>50</iperf_packetloss_threshold>
        <iperf_profile>balanced</iperf_profile>
        <direction>UL</direction>
        <id>adb_ue_1 adb_ue_2</id>
    </testCase>

    <testCase id="040642">
        <class>Iperf</class>
        <desc>iperf (5MHz - UL/9Mbps/UDP)(30 sec)(single-ue profile)</desc>
        <iperf_args>-u -b 9M -t 30 -i 1</iperf_args>
        <iperf_packetloss_threshold>50</iperf_packetloss_threshold>
        <iperf_profile>single-ue</iperf_profile>
        <direction>UL</direction>
        <id>adb_ue_1</id>
    </testCase>

    <testCase id="040643">
        <class>Iperf</class>
        <desc>iperf (5MHz - UL/TCP)(30 sec)(single-ue profile)</desc>
        <iperf_args>-t 30 -i 1 -fm</iperf_args>
        <iperf_packetloss_threshold>50</iperf_packetloss_threshold>
        <iperf_profile>single-ue</iperf_profile>
        <direction>UL</direction>
        <id>adb_ue_1</id>
    </testCase>

    <testCase id="040644">
        <class>Iperf</class>
        <desc>iperf (5MHz - UL/TCP)(30 sec)(balanced profile)</desc>
        <iperf_args>-t 30 -i 1 -fm</iperf_args>
        <iperf_packetloss_threshold>50</iperf_packetloss_threshold>
        <iperf_profile>balanced</iperf_profile>
        <direction>UL</direction>
        <id>adb_ue_1 adb_ue_2</id>
    </testCase>

</testCaseList>

