<!--

 Licensed to the OpenAirInterface (OAI) Software Alliance under one or more
 contributor license agreements.  See the NOTICE file distributed with
 this work for additional information regarding copyright ownership.
 The OpenAirInterface Software Alliance licenses this file to You under
 the OAI Public License, Version 1.1  (the "License"); you may not use this file
 except in compliance with the License.
 You may obtain a copy of the License at

      http://www.openairinterface.org/?page_id=698

 Unless required by applicable law or agreed to in writing, software
 distributed under the License is distributed on an "AS IS" BASIS,
 WITHOUT WARRANTIES OR CONDITIONS OF ANY KIND, either express or implied.
 See the License for the specific language governing permissions and
 limitations under the License.

 For more information about the OpenAirInterface (OAI) Software Alliance:
      contact@openairinterface.org

-->
<testCaseList>
        <htmlTabRef>rfsim-5gnr-f1-accelleran</htmlTabRef>
        <htmlTabName>F1 DU Interop Accelleran CU</htmlTabName>
        <htmlTabIcon>wrench</htmlTabIcon>
        <TestCaseRequestedList>
 111111
 000020
 000021
 020021
 100021
 100022
        </TestCaseRequestedList>
        <TestCaseExclusionList></TestCaseExclusionList>

        <testCase id="111111">
                <class>Pull_Local_Registry</class>
                <desc>Pull Images from Local Registry</desc>
                <test_svr_id>0</test_svr_id>
                <images_to_pull>oai-gnb oai-nr-ue</images_to_pull>
        </testCase>

        <testCase id="000020">
                <class>DeployGenObject</class>
                <desc>Deploy OAI-DU</desc>
                <yaml_path>yaml_files/5g_rfsimulator_accelleran</yaml_path>
                <services>oai-du</services>
                <nb_healthy>1</nb_healthy>
        </testCase>

        <testCase id="000021">
                <class>DeployGenObject</class>
                <desc>Deploy nrUE</desc>
                <yaml_path>yaml_files/5g_rfsimulator_accelleran</yaml_path>
                <services>oai-nr-ue</services>
                <nb_healthy>2</nb_healthy>
        </testCase>

        <testCase id="020021">
                <class>PingFromContainer</class>
                <desc>Test Connectivity (ping)</desc>
                <container_name>rfsim5g-oai-nr-ue</container_name>
                <options>-I oaitun_ue1 -c 20 12.1.1.1</options>
                <loss_threshold>0</loss_threshold>
        </testCase>

        <testCase id="100022">
                <class>UndeployGenObject</class>
                <desc>Undeploy all OAI 5G stack</desc>
                <yaml_path>yaml_files/5g_rfsimulator_accelleran</yaml_path>
        </testCase>

</testCaseList>
