<!--

 Licensed to the OpenAirInterface (OAI) Software Alliance under one or more
 contributor license agreements.  See the NOTICE file distributed with
 this work for additional information regarding copyright ownership.
 The OpenAirInterface Software Alliance licenses this file to You under
 the OAI Public License, Version 1.1  (the "License"); you may not use this file
 except in compliance with the License.
 You may obtain a copy of the License at

      http://www.openairinterface.org/?page_id=698

 Unless required by applicable law or agreed to in writing, software
 distributed under the License is distributed on an "AS IS" BASIS,
 WITHOUT WARRANTIES OR CONDITIONS OF ANY KIND, either express or implied.
 See the License for the specific language governing permissions and
 limitations under the License.

 For more information about the OpenAirInterface (OAI) Software Alliance:
      contact@openairinterface.org

-->
<testCaseList>
	<htmlTabRef>TEST-NSA-FR1-TM1-B200-terminate</htmlTabRef>
	<htmlTabName>NSA tear-down in case of problem</htmlTabName>
	<htmlTabIcon>tasks</htmlTabIcon>
	<repeatCount>1</repeatCount>
	<TestCaseRequestedList>
 030202
 030201
 222220
 222221
	</TestCaseRequestedList>
	<TestCaseExclusionList></TestCaseExclusionList>

    <testCase id="030201">
        <class>Undeploy_Object</class>
        <desc>Undeploy eNB</desc>
		<yaml_path>ci-scripts/yaml_files/nsa_b200_enb</yaml_path>
        <eNB_instance>0</eNB_instance>
        <eNB_serverId>0</eNB_serverId>
    </testCase>

    <testCase id="030202">
        <class>Undeploy_Object</class>
        <desc>Undeploy gNB</desc>
		<yaml_path>ci-scripts/yaml_files/nsa_b200_gnb</yaml_path>
        <eNB_instance>1</eNB_instance>
        <eNB_serverId>1</eNB_serverId>
    </testCase>

	<testCase id="222220">
		<class>Clean_Test_Server_Images</class>
		<desc>Clean Test Images on Test Server</desc>
		<test_svr_id>0</test_svr_id>
	</testCase>

	<testCase id="222221">
		<class>Clean_Test_Server_Images</class>
		<desc>Clean Test Images on Test Server</desc>
		<test_svr_id>1</test_svr_id>
	</testCase>

</testCaseList>

