<!--

 Licensed to the OpenAirInterface (OAI) Software Alliance under one or more
 contributor license agreements.  See the NOTICE file distributed with
 this work for additional information regarding copyright ownership.
 The OpenAirInterface Software Alliance licenses this file to You under
 the OAI Public License, Version 1.1  (the "License"); you may not use this file
 except in compliance with the License.
 You may obtain a copy of the License at

      http://www.openairinterface.org/?page_id=698

 Unless required by applicable law or agreed to in writing, software
 distributed under the License is distributed on an "AS IS" BASIS,
 WITHOUT WARRANTIES OR CONDITIONS OF ANY KIND, either express or implied.
 See the License for the specific language governing permissions and
 limitations under the License.

 For more information about the OpenAirInterface (OAI) Software Alliance:
      contact@openairinterface.org

Replaces xml_files/enb_usrp210_band40_test_05mhz_tm1.xml

-->
<testCaseList>
    <htmlTabRef>test-tdd-05-tm1</htmlTabRef>
    <htmlTabName>Test-TDD-05MHz-TM1</htmlTabName>
    <htmlTabIcon>tasks</htmlTabIcon>
    <TestCaseRequestedList>
300000
100000
111110
040101
030104
040301 040501 040602 040601 040603 040604 040605 040642 040641 040643 040644 040645 040401 040201
030201
200000
    </TestCaseRequestedList>
    <TestCaseExclusionList></TestCaseExclusionList>

    <testCase id="111110">
        <class>Pull_Local_Registry</class>
        <desc>Pull Images from Local Registry</desc>
        <test_svr_id>0</test_svr_id>
        <images_to_pull>oai-enb</images_to_pull>
    </testCase>

    <testCase id="100000">
        <class>Custom_Command</class>
        <desc>Disable Sleep States</desc>
        <node>starsky</node>
        <command>sudo cpupower idle-set -D 0</command>
    </testCase>
    <testCase id="200000">
        <class>Custom_Command</class>
        <desc>Enable Sleep States</desc>
        <node>starsky</node>
        <command>sudo cpupower idle-set -E</command>
    </testCase>

    <testCase id="300000">
	<class>Custom_Command</class>
	<desc>Reset USRP</desc>
	<node>starsky</node>
	<command>sudo -S b2xx_fx3_utils --reset-device</command>
    </testCase>

    <testCase id="030104">
        <class>Deploy_Object</class>
        <desc>Deploy eNB (TDD/Band40/5MHz/B200) in a container</desc>
        <yaml_path>ci-scripts/yaml_files/lte_b200_tdd_05Mhz_tm1</yaml_path>
        <eNB_instance>0</eNB_instance>
        <eNB_serverId>0</eNB_serverId>
    </testCase>

    <testCase id="000001">
        <class>IdleSleep</class>
        <desc>Sleep</desc>
        <idle_sleep_time_in_sec>5</idle_sleep_time_in_sec>
    </testCase>

    <testCase id="030201">
        <class>Undeploy_Object</class>
        <desc>Undeploy eNB</desc>
        <yaml_path>ci-scripts/yaml_files/lte_b200_tdd_05Mhz_tm1</yaml_path>
        <eNB_instance>0</eNB_instance>
        <eNB_serverId>0</eNB_serverId>
    </testCase>

    <testCase id="040101">
        <class>Initialize_UE</class>
        <desc>Initialize UE</desc>
        <id>adb_ue_1 adb_ue_2</id>
    </testCase>
    <testCase id="040201">
        <class>Terminate_UE</class>
        <desc>Terminate UE</desc>
        <id>adb_ue_1 adb_ue_2</id>
    </testCase>
    <testCase id="040301">
        <class>Attach_UE</class>
        <desc>Attach UE</desc>
        <id>adb_ue_1 adb_ue_2</id>
    </testCase>
    <testCase id="040401">
        <class>Detach_UE</class>
        <desc>Detach UE</desc>
        <id>adb_ue_1 adb_ue_2</id>
    </testCase>

    <testCase id="040501">
        <class>Ping</class>
        <desc>ping (5MHz - 20 sec)</desc>
        <ping_args>-c 20</ping_args>
        <ping_packetloss_threshold>25</ping_packetloss_threshold>
        <id>adb_ue_1 adb_ue_2</id>
    </testCase>

    <testCase id="040601">
        <class>Iperf</class>
        <desc>iperf (5MHz - DL/6.5Mbps/UDP)(30 sec)(balanced)</desc>
        <iperf_args>-u -b 6.5M -t 30 -i 1</iperf_args>
        <iperf_packetloss_threshold>50</iperf_packetloss_threshold>
        <iperf_profile>balanced</iperf_profile>
        <direction>DL</direction>
        <id>adb_ue_1 adb_ue_2</id>
    </testCase>

    <testCase id="040602">
        <class>Iperf</class>
        <desc>iperf (5MHz - DL/6.5Mbps/UDP)(30 sec)(single-ue)</desc>
        <iperf_args>-u -b 6.5M -t 30 -i 1</iperf_args>
        <iperf_packetloss_threshold>50</iperf_packetloss_threshold>
        <iperf_profile>single-ue</iperf_profile>
        <direction>DL</direction>
        <id>adb_ue_1</id>
    </testCase>

    <testCase id="040603">
        <class>Iperf</class>
        <desc>iperf (5MHz - DL/6.5Mbps/UDP)(30 sec)(unbalanced)</desc>
        <iperf_args>-u -b 6.5M -t 30 -i 1</iperf_args>
        <iperf_packetloss_threshold>50</iperf_packetloss_threshold>
        <iperf_profile>unbalanced</iperf_profile>
        <direction>DL</direction>
        <id>adb_ue_1 adb_ue_2</id>
    </testCase>

    <testCase id="040604">
        <class>Iperf</class>
        <desc>iperf (5MHz - DL/TCP)(30 sec)(single-ue profile)</desc>
        <iperf_args>-t 30 -i 1 -fm</iperf_args>
        <iperf_packetloss_threshold>50</iperf_packetloss_threshold>
        <iperf_profile>single-ue</iperf_profile>
        <direction>DL</direction>
        <id>adb_ue_1</id>
    </testCase>

    <testCase id="040605">
        <class>Iperf</class>
        <desc>iperf (5MHz - DL/TCP)(30 sec)</desc>
        <iperf_args>-t 30 -i 1 -fm</iperf_args>
        <iperf_packetloss_threshold>50</iperf_packetloss_threshold>
        <direction>DL</direction>
        <id>adb_ue_1 adb_ue_2</id>
    </testCase>

    <testCase id="040641">
        <class>Iperf</class>
        <desc>iperf (5MHz - UL/2Mbps/UDP)(30 sec)(balanced)</desc>
        <iperf_args>-u -b 2M -t 30 -i 1</iperf_args>
        <iperf_packetloss_threshold>50</iperf_packetloss_threshold>
        <iperf_profile>balanced</iperf_profile>
        <direction>UL</direction>
        <id>adb_ue_1 adb_ue_2</id>
    </testCase>

    <testCase id="040642">
        <class>Iperf</class>
        <desc>iperf (5MHz - UL/2Mbps/UDP)(30 sec)(single-ue)</desc>
        <iperf_args>-u -b 2M -t 30 -i 1</iperf_args>
        <iperf_packetloss_threshold>50</iperf_packetloss_threshold>
        <iperf_profile>single-ue</iperf_profile>
        <direction>UL</direction>
        <id>adb_ue_1</id>
    </testCase>

    <testCase id="040643">
        <class>Iperf</class>
        <desc>iperf (5MHz - UL/2Mbps/UDP)(30 sec)(unbalanced)</desc>
        <iperf_args>-u -b 2M -t 30 -i 1</iperf_args>
        <iperf_packetloss_threshold>50</iperf_packetloss_threshold>
        <iperf_profile>unbalanced</iperf_profile>
        <direction>UL</direction>
        <id>adb_ue_1 adb_ue_2</id>
    </testCase>

    <testCase id="040644">
        <class>Iperf</class>
        <desc>iperf (5MHz - UL/TCP)(30 sec)(single-ue)</desc>
        <iperf_args>-t 30 -i 1 -fm</iperf_args>
        <iperf_packetloss_threshold>50</iperf_packetloss_threshold>
        <iperf_profile>single-ue</iperf_profile>
        <direction>UL</direction>
        <id>adb_ue_1</id>
    </testCase>

    <testCase id="040645">
        <class>Iperf</class>
        <desc>iperf (5MHz - UL/TCP)(30 sec)</desc>
        <iperf_args>-t 30 -i 1 -fm</iperf_args>
        <iperf_packetloss_threshold>50</iperf_packetloss_threshold>
        <direction>UL</direction>
        <id>adb_ue_1 adb_ue_2</id>
    </testCase>

</testCaseList>
