<!--

 Licensed to the OpenAirInterface (OAI) Software Alliance under one or more
 contributor license agreements.  See the NOTICE file distributed with
 this work for additional information regarding copyright ownership.
 The OpenAirInterface Software Alliance licenses this file to You under
 the OAI Public License, Version 1.1  (the "License"); you may not use this file
 except in compliance with the License.
 You may obtain a copy of the License at

      http://www.openairinterface.org/?page_id=698

 Unless required by applicable law or agreed to in writing, software
 distributed under the License is distributed on an "AS IS" BASIS,
 WITHOUT WARRANTIES OR CONDITIONS OF ANY KIND, either express or implied.
 See the License for the specific language governing permissions and
 limitations under the License.

 For more information about the OpenAirInterface (OAI) Software Alliance:
      contact@openairinterface.org

-->
<testCaseList>
	<htmlTabRef>TEST-SA-FR1-Tab1</htmlTabRef>
	<htmlTabName>SA Ping DL UL with 1 AS UE</htmlTabName>
	<htmlTabIcon>tasks</htmlTabIcon>
	<repeatCount>1</repeatCount>
	<TestCaseRequestedList>
 100000
 010000
 040000
 010001
 010002
 050000
 010100
 010200
 011111
 080000
 200000
	</TestCaseRequestedList>
	<TestCaseExclusionList></TestCaseExclusionList>

	<testCase id="100000">
		<class>Custom_Command</class>
		<desc>Disable Sleep States</desc>
		<node>asterix</node>
		<command>sudo cpupower idle-set -D 0</command>
	</testCase>
	<testCase id="200000">
		<class>Custom_Command</class>
		<desc>Enable Sleep States</desc>
		<node>asterix</node>
		<command>sudo cpupower idle-set -E</command>
	</testCase>

	<testCase id="010000">
		<class>Initialize_UE</class>
		<desc>Initialize AS-UE Scenario</desc>
		<id>amarisoft_ue</id>
	</testCase>
	<testCase id="010001">
		<class>Attach_UE</class>
		<desc>Attach UE</desc>
		<id>amarisoft_ue_1</id>
	</testCase>
	<testCase id="010002">
		<class>Attach_UE</class>
		<desc>Attach UE</desc>
		<id>amarisoft_ue_2</id>
	</testCase>
	<testCase id="010100">
		<class>Detach_UE</class>
		<desc>Detach UE</desc>
		<id>amarisoft_ue_1</id>
	</testCase>
	<testCase id="010200">
		<class>Detach_UE</class>
		<desc>Detach UE</desc>
		<id>amarisoft_ue_2</id>
	</testCase>
	<testCase id="011111">
		<class>Terminate_UE</class>
		<desc>Terminate UE</desc>
		<id>amarisoft_ue</id>
	</testCase>

	<testCase id="040000">
		<class>Initialize_eNB</class>
		<desc>Initialize gNB</desc>
		<Initialize_eNB_args>-O ci-scripts/conf_files/gnb.band78.sa.fr1.106PRB.2x2.usrpn310.asue.conf --sa -q --usrp-tx-thread-config 1 --T_stdout 2 --tune-offset 30000000 --thread-pool 1,3,5,7,9,11,13,15 --log_config.global_log_options level,nocolor,time</Initialize_eNB_args>
		<eNB_instance>0</eNB_instance>
		<eNB_serverId>0</eNB_serverId>
		<air_interface>nr</air_interface>
		<eNB_Trace>yes</eNB_Trace>
		<eNB_Stats>yes</eNB_Stats>
		<rt_stats_cfg>datalog_rt_stats.2x2.yaml</rt_stats_cfg>
		<USRP_IPAddress>172.21.19.14</USRP_IPAddress>
		<cmd_prefix>numactl --cpunodebind=netdev:ens2f0np0 --membind=netdev:ens2f0np0</cmd_prefix>
	</testCase>

	<testCase id="050000">
		<class>Ping</class>
		<desc>Ping Log Analysis</desc>
		<id>amarisoft_ue_1 amarisoft_ue_2</id>
		<ping_packetloss_threshold>1</ping_packetloss_threshold>
	</testCase>

	<testCase id="000001">
		<class>IdleSleep</class>
		<desc>Sleep</desc>
		<idle_sleep_time_in_sec>5</idle_sleep_time_in_sec>
	</testCase>


	<testCase id="080000">
		<class>Terminate_eNB</class>
		<desc>Terminate gNB</desc>
		<eNB_instance>0</eNB_instance>
		<eNB_serverId>0</eNB_serverId>
		<air_interface>nr</air_interface>
	</testCase>

</testCaseList>

