<!--

 Licensed to the OpenAirInterface (OAI) Software Alliance under one or more
 contributor license agreements.  See the NOTICE file distributed with
 this work for additional information regarding copyright ownership.
 The OpenAirInterface Software Alliance licenses this file to You under
 the OAI Public License, Version 1.1  (the "License"); you may not use this file
 except in compliance with the License.
 You may obtain a copy of the License at

      http://www.openairinterface.org/?page_id=698

 Unless required by applicable law or agreed to in writing, software
 distributed under the License is distributed on an "AS IS" BASIS,
 WITHOUT WARRANTIES OR CONDITIONS OF ANY KIND, either express or implied.
 See the License for the specific language governing permissions and
 limitations under the License.

 For more information about the OpenAirInterface (OAI) Software Alliance:
      contact@openairinterface.org

-->
<testCaseList>
  <htmlTabRef>gNB-PHY-Test-60</htmlTabRef>
  <htmlTabName>Timing phytest 60 MHz</htmlTabName>
  <htmlTabIcon>tasks</htmlTabIcon>
  <repeatCount>1</repeatCount>
  <TestCaseRequestedList>
100000 190101 000001 190109 200000
  </TestCaseRequestedList>
  <TestCaseExclusionList></TestCaseExclusionList>
  <testCase id = "100000">
	  <class>Custom_Command</class>
	  <desc>Disable Sleep States</desc>
	  <node>caracal</node>
	  <command>sudo cpupower idle-set -D 0</command>
  </testCase>
  <testCase id = "200000">
	  <class>Custom_Command</class>
	  <desc>Enable Sleep States</desc>
	  <node>caracal</node>
	  <command>sudo cpupower idle-set -E</command>
  </testCase>

  <testCase id="190101">
    <class>Initialize_eNB</class>
    <desc>Initialize gNB USRP</desc>
    <Initialize_eNB_args>-O ci-scripts/conf_files/gnb.band78.tm1.162PRB.usrpn300.conf --phy-test -q -U 787200 -T 162 -t 23 -D 130175 -m 23 -M 162 --usrp-tx-thread-config 1 --log_config.global_log_options level,nocolor,time</Initialize_eNB_args>
    <rt_stats_cfg>datalog_rt_stats.1x1.60.yaml</rt_stats_cfg>
    <air_interface>NR</air_interface>
    <USRP_IPAddress>192.168.20.2</USRP_IPAddress>
		<cmd_prefix>numactl --cpunodebind=netdev:enp94s0f0np0 --membind=netdev:enp94s0f0np0</cmd_prefix>
  </testCase>

  <testCase id="000001">
    <class>IdleSleep</class>
    <desc>Sleep</desc>
    <idle_sleep_time_in_sec>60</idle_sleep_time_in_sec>
  </testCase>


  <testCase id="190109">
    <class>Terminate_eNB</class>
    <desc>Terminate gNB</desc>
    <air_interface>NR</air_interface>
  </testCase>

</testCaseList>
