<!--

 Licensed to the OpenAirInterface (OAI) Software Alliance under one or more
 contributor license agreements.  See the NOTICE file distributed with
 this work for additional information regarding copyright ownership.
 The OpenAirInterface Software Alliance licenses this file to You under
 the OAI Public License, Version 1.1  (the "License"); you may not use this file
 except in compliance with the License.
 You may obtain a copy of the License at

      http://www.openairinterface.org/?page_id=698

 Unless required by applicable law or agreed to in writing, software
 distributed under the License is distributed on an "AS IS" BASIS,
 WITHOUT WARRANTIES OR CONDITIONS OF ANY KIND, either express or implied.
 See the License for the specific language governing permissions and
 limitations under the License.

 For more information about the OpenAirInterface (OAI) Software Alliance:
      contact@openairinterface.org

-->
<testCaseList>
        <htmlTabRef>run-oai-gnb-nr-ue-tx-write-thread</htmlTabRef>
        <htmlTabName>Run-gNB-and-NR-UE-TX-Write-Thread</htmlTabName>
        <htmlTabIcon>tasks</htmlTabIcon>	
	<repeatCount>1</repeatCount>
	<TestCaseRequestedList>
090103 000001 090104 000002 090108 090109
	</TestCaseRequestedList>
	<TestCaseExclusionList></TestCaseExclusionList>
	
        <testCase id="090103">
                <class>Initialize_eNB</class>
                <desc>Initialize gNB USRP (Tx-Write-Threading enabled)</desc>
		<Initialize_eNB_args>-O ci-scripts/conf_files/gnb.band78.tm1.106PRB.usrpn300.conf --phy-test --usrp-tx-thread-config 1 --log_config.global_log_options level,nocolor,time</Initialize_eNB_args>
		<air_interface>NR</air_interface>
        </testCase>

	<testCase id="000001">
		<class>IdleSleep</class>
		<desc>Sleep</desc>
		<idle_sleep_time_in_sec>5</idle_sleep_time_in_sec>
	</testCase>

	<testCase id="000002">
		<class>IdleSleep</class>
		<desc>Waiting for NR UE to synchronize w/ gNB</desc>
		<idle_sleep_time_in_sec>180</idle_sleep_time_in_sec>
	</testCase>

        <testCase id="090104">
                <class>Initialize_OAI_UE</class>
                <desc>Initialize NR UE USRP</desc>
		<Initialize_OAI_UE_args>--phy-test --usrp-args "addr=192.168.30.2,second_addr=192.168.50.2,clock_source=external,time_source=external" --ue-rxgain 75  --rrc_config_path . --log_config.global_log_options level,nocolor,time</Initialize_OAI_UE_args>
		<air_interface>NR</air_interface>
        </testCase>

        <testCase id="090108">
                <class>Terminate_OAI_UE</class>
                <desc>Terminate NR UE</desc>
		<air_interface>NR</air_interface>
        </testCase>

        <testCase id="090109">
                <class>Terminate_eNB</class>
                <desc>Terminate gNB</desc>
		<air_interface>NR</air_interface>
        </testCase>

</testCaseList>
